Room_name,V_m/s,Status_velocity
Bedroom_1,2.0723299881757207,OK
Kitchen,1.6976527263135504,Check
Living_room,2.2104853207207684,OK
Bath_room,2.2635369684180673,OK
Corridor,2.8294212105225833,OK
