Room_name,V_m/s
Bedroom_1,2.0723299881757207
Kitchen,1.6976527263135504
Living_room,2.2104853207207684
Bath_room,2.2635369684180673
Corridor,2.8294212105225833
